Account Owner,Inventory in the Description,ID,State,Company,Match status,Website,
Beau,,76,Conneticut,"City of Hartford Connecticut, Department of Health and Human Services",No Company Match,,
Beau,,77,Conneticut,City of New Haven Department of Parks and Public Works,No Company Match,,
Beau,,81,Conneticut,"New Haven Urban Resources Initiative, Inc.",No Company Match,,
Beau,,85,Delaware,Delaware Forest Service Urban and Community Forestry,No Company Match,,
Beau,,110,Florida,"Miami-Dade County Department of Parks, Recreation, and Open Spaces",No Company Match,,
Beau,,111,Florida,Osceola County,No Company Match,,
Beau,,152,Indiana,City of Bloomington,No Company Match,,
Beau,,157,Indiana,City of Laporte Waste Water,No Company Match,,
Beau,,161,Indiana,Trustees of Indiana University,No Company Match,,
Beau,,175,Kentucky,"City of Newport, via Urban Canopy Works",No Company Match,,
Beau,INVENTORY,177,Kentucky,Louisville Jefferson County Metro Government,No Company Match,,
Beau,,180,Louisiana,City of Lake Charles,No Company Match,,
Beau,,185,MA,"Maine Department of Agriculture, Conservation and Forestry - Maine Forest Service",No Company Match,,
Beau,,227,Mississippi,Jackson State University Office of Community Engagement,No Company Match,,
Beau,,228,Mississippi,Madison County,No Company Match,,
Beau,,229,Mississippi,Minority Farmers of the South,No Company Match,,
Beau,,259,New Jersey,City of Jersey City,No Company Match,,
Beau,,260,New Jersey,City of Rahway Department of Public Works,No Company Match,,
Beau,,441,National,Urban Sustainability Directotors Network,No Company Match,,
Beau,INVENTORY,177,Kentucky,Louisville Jefferson County Metro Government,No Company Match,,
Chris,INVENTORY,26,California,City of Chula Vista,No Company Match,,
Chris,INVENTORY,56,California,Housing Authority City of Los Angeles,No Company Match,,
Chris,INVENTORY,234,Missouri,City of Kansas City,No Company Match,,
Chris,INVENTORY,427,Wyoming,"City of Casper Parks, Recreation, and Public Facilities Department",No Company Match,,
Chris,INVENTORY,26,California,City of Chula Vista,No Company Match,,
Chris,,38,California,City of Los Angeles - Bureau of Sanitation,No Company Match,,
Chris,,39,California,City of Oakland,No Company Match,,
Chris,,55,California,"City/County of San Francisco, Recreation and Parks Department",No Company Match,,
Chris,INVENTORY,56,California,Housing Authority City of Los Angeles,No Company Match,,
Chris,,59,California,San Francisco Public Works - Bureau of Urban Forestry,No Company Match,,
Chris,,62,California,Urban Forest Instituite,No Company Match,,
Chris,,65,Colorado,"City of Aurora, Department of Parks, Recreation, and Open Space",No Company Match,,
Chris,,66,Colorado,"City of Colorado Springs - Parks, Recreation, and Cultural Services",No Company Match,,
Chris,,67,Colorado,"City of Denver, Office of Climate Action Sustainability and Resiliency",No Company Match,,
Chris,,126,Hawaii,Hawaii Division of Forestry & Wildlife,No Company Match,,
Chris,,132,Idaho,City of Malad City,No Company Match,,
Chris,,136,Idaho,City of Soda Springs,No Company Match,,
Chris,INVENTORY,234,Missouri,City of Kansas City,No Company Match,,
Chris,,237,Montana,"City of Billings, PRPL, Forestry Division",No Company Match,,
Chris,,239,Montana,The City-County of Butte-Silver Bow,No Company Match,,
Chris,,250,Nevada,Zion United Methodist Church,No Company Match,,
Chris,,266,New Mexico,City of Albuquerque Park and Recreation Department,No Company Match,,
Chris,,268,NM,Dona Ana Soil and Water Conservation District,No Company Match,,
Chris,,340,Oregon,"ELSO, Inc.",No Company Match,,
Chris,,380,Texas,City of Arlington Parks and Recreation Department,No Company Match,,
Chris,,412,Washington,City of Seattle - Office of Sustainability & Environment,No Company Match,,
Chris,,414,Washington,City of Spokane,No Company Match,,
Chris,INVENTORY,427,Wyoming,"City of Casper Parks, Recreation, and Public Facilities Department",No Company Match,,
Corbin,INVENTORY,197,Massachusetts,City of Haverhill,No Company Match,,https://www.cityofhaverhill.com/
Corbin,,206,Michigan,City of Detroit,No Company Match,,https://detroitmi.gov/
Corbin,,214,Michigan,Genessee Soil & Water Conservation District,No Company Match,,https://www.co.genesee.ny.us/departments/soilandwater/index.php
Corbin,,276,New York,"City of Albany, NY Department of General Service, Forestry Division",No Company Match,,"https://www.albanyny.gov/314/Forestry#:~:text=Trees%20are%20available%20to%20be,visit%20www.adoptatreealbany.com."
Corbin,,278,New York,City of Buffalo,No Company Match,,https://www.buffalony.gov/
Corbin,INVENTORY,282,New York,City of Mount Vernon,No Company Match,,https://mountvernonwa.gov/
Corbin,,285,New York,"City of Utica, Deptment of Engineering",No Company Match,,https://cityofutica.com/
Corbin,,290,New York,NYC Department of Parks and Recreation,No Company Match,,https://www.nycgovparks.org/
Corbin,,292,New York,Olmsted City,No Company Match,,https://olmstedcity.org/
Corbin,,293,New York,Port Jervis CDA,No Company Match,,portjervisny.gov
Corbin,,296,New York,The Research Foundation for the SUNY,No Company Match,,https://www.rfsuny.org/
Corbin,,303,North Carolina,"City of Charlotte, Landscape Management",No Company Match,,https://www.charlottenc.gov/City-Government/Departments/General-Services/About-GS/Landscape-Management
Corbin,,304,North Carolina,"City of Charlotte, Landscape Management",No Company Match,,https://www.charlottenc.gov/City-Government/Departments/General-Services/About-GS/Landscape-Management
Corbin,,313,Ohio,City of Bowling Green,No Company Match,,https://www.bgky.org/
Corbin,,314,Ohio,City of Canton,No Company Match,,https://www.cantonohio.gov/
Corbin,,317,Ohio,City of Dayton-Street Maint.,No Company Match,,https://www.daytonohio.gov
Corbin,,322,Ohio,City of Obetz,No Company Match,,https://obetz.oh.us/
Corbin,,351,Pennsylvania,City of Easton,No Company Match,,https://www.easton-pa.com/
Corbin,,354,Pennsylvania,City of Johnstown,No Company Match,,https://johnstownpa.gov/
Corbin,,360,Puerto Rico,"Caribbean Regenerative Community Development, Inc.",No Company Match,,https://www.cicdofboston.org/
Corbin,INVENTORY,361,Puerto Rico,University of Puerto Rico at Rio Piedras,No Company Match,,https://www.uprrp.edu/english/
Corbin,,364,Rhode Island,"Executive Office of Health and Human Services, State of Rhode Island",No Company Match,,https://eohhs.ri.gov/
Corbin,,370,South Carolina,South Carolina State University 1890 Research & Extension,No Company Match,,https://scsu.edu/research-outreach/1890-research-and-extension/
Corbin,INVENTORY,374,Tennesse,"City of Chattanooga, Tennessee Department of Parks and Outdoors",No Company Match,,https://chattanooga.gov/parks
Corbin,,378,Tennesse,University of Tennessee,No Company Match,,https://www.utk.edu/
Corbin,,401,Virginia,City of Norfolk Parks & Forestry Operation,No Company Match,,https://www.norfolk.gov/directory.aspx?did=54
Corbin,,403,Virginia,City of Winchester,No Company Match,,https://www.winchesterva.gov/
Corbin,,404,Virginia,"Norfolk State University, Norfolk",No Company Match,,https://www.nsu.edu/