Account Owner,Inventory in the Description,ID,State,Company,Match status,Website,Unnamed: 7
Beau,,76,Conneticut,"City of Hartford Connecticut, Department of Health and Human Services",No Company Match,https://portal.ct.gov/DPH/Local-Health-Admin/LHA/Hartford-Health-and-Human-Services,
Beau,,77,Conneticut,City of New Haven Department of Parks and Public Works,No Company Match,https://www.newhavenct.gov/government/departments-divisions/parks-and-public-works,
Beau,,81,Conneticut,"New Haven Urban Resources Initiative, Inc.",No Company Match,https://uri.yale.edu/,
Beau,,85,Delaware,Delaware Forest Service Urban and Community Forestry,No Company Match,https://agriculture.delaware.gov/forest-service/urban-and-community/,
Beau,,110,Florida,"Miami-Dade County Department of Parks, Recreation, and Open Spaces",No Company Match,https://www.miamidade.gov/global/recreation/home.page,
Beau,,111,Florida,Osceola County,No Company Match,https://www.osceola.org/,
Beau,,152,Indiana,City of Bloomington,No Company Match,https://www.bloomingtonmn.gov/,
Beau,,157,Indiana,City of Laporte Waste Water,No Company Match,https://www.cityoflaporte.com/departments/laporte-utilities/wastewater-division,
Beau,,161,Indiana,Trustees of Indiana University,No Company Match,https://trustees.iu.edu/index.html,
Beau,,175,Kentucky,"City of Newport, via Urban Canopy Works",No Company Match,https://www.urbancanopyworks.com/newport-kentucky.html,
Beau,INVENTORY,177,Kentucky,Louisville Jefferson County Metro Government,No Company Match,https://louisvilleky.gov/,
Beau,,180,Louisiana,City of Lake Charles,No Company Match,https://www.cityoflakecharles.com/,
Beau,,185,MA,"Maine Department of Agriculture, Conservation and Forestry - Maine Forest Service",No Company Match,https://www.maine.gov/dacf/mfs/,
Beau,,227,Mississippi,Jackson State University Office of Community Engagement,No Company Match,https://www.jsums.edu/cubd/,
Beau,,228,Mississippi,Madison County,No Company Match,https://www.madisoncountytn.gov/,
Beau,,229,Mississippi,Minority Farmers of the South,No Company Match,https://www.blackfarmers.org/,
Beau,,259,New Jersey,City of Jersey City,No Company Match,https://www.jerseycitynj.gov/,
Beau,,260,New Jersey,City of Rahway Department of Public Works,No Company Match,https://www.cityofrahway.org/212/Public-Works,
Beau,,441,National,Urban Sustainability Directotors Network,No Company Match,https://www.usdn.org/,
Beau,INVENTORY,177,Kentucky,Louisville Jefferson County Metro Government,No Company Match,https://louisvilleky.gov/,
Chris,INVENTORY,26,California,City of Chula Vista,No Company Match,https://www.chulavistaca.gov/,
Chris,INVENTORY,56,California,Housing Authority City of Los Angeles,No Company Match,http://www.hacla.org/en,
Chris,INVENTORY,234,Missouri,City of Kansas City,No Company Match,https://www.kcmo.gov/,
Chris,INVENTORY,427,Wyoming,"City of Casper Parks, Recreation, and Public Facilities Department",No Company Match,http://casperareatransit.org/things_to_do/parks_and_recreation,
Chris,INVENTORY,26,California,City of Chula Vista,No Company Match,https://www.chulavistaca.gov/,
Chris,,38,California,City of Los Angeles - Bureau of Sanitation,No Company Match,https://lacitysan.org/,
Chris,,39,California,City of Oakland,No Company Match,https://www.oaklandca.gov/,
Chris,,55,California,"City/County of San Francisco, Recreation and Parks Department",No Company Match,https://sfrecpark.org/406/Recreation-Programs,
Chris,INVENTORY,56,California,Housing Authority City of Los Angeles,No Company Match,http://www.hacla.org/en,
Chris,,59,California,San Francisco Public Works - Bureau of Urban Forestry,No Company Match,https://sfpublicworks.org/trees,
Chris,,62,California,Urban Forest Instituite,No Company Match,https://ufei.calpoly.edu/,
Chris,,65,Colorado,"City of Aurora, Department of Parks, Recreation, and Open Space",No Company Match,https://www.auroragov.org/city_hall/departments/parks__recreation___open_space,
Chris,,66,Colorado,"City of Colorado Springs - Parks, Recreation, and Cultural Services",No Company Match,https://coloradosprings.gov/PRCS,
Chris,,67,Colorado,"City of Denver, Office of Climate Action Sustainability and Resiliency",No Company Match,https://denvergov.org/Government/Agencies-Departments-Offices/Agencies-Departments-Offices-Directory/Climate-Action-Sustainability-Resiliency/About,
Chris,,126,Hawaii,Hawaii Division of Forestry & Wildlife,No Company Match,https://dlnr.hawaii.gov/dofaw/,
Chris,,132,Idaho,City of Malad City,No Company Match,http://www.maladidaho.org/agendas--minutes.html,
Chris,,136,Idaho,City of Soda Springs,No Company Match,https://www.sodaspringsid.com/,
Chris,INVENTORY,234,Missouri,City of Kansas City,No Company Match,https://www.kcmo.gov/,
Chris,,237,Montana,"City of Billings, PRPL, Forestry Division",No Company Match,https://www.billingsparks.org/forestry/,
Chris,,239,Montana,The City-County of Butte-Silver Bow,No Company Match,https://co.silverbow.mt.us/,
Chris,,250,Nevada,Zion United Methodist Church,No Company Match,https://www.zionumc.net/,
Chris,,266,New Mexico,City of Albuquerque Park and Recreation Department,No Company Match,https://www.cabq.gov/parksandrecreation/our-department,
Chris,,268,NM,Dona Ana Soil and Water Conservation District,No Company Match,https://daswcd.org/,
Chris,,340,Oregon,"ELSO, Inc.",No Company Match,https://www.elso.org/,
Chris,,380,Texas,City of Arlington Parks and Recreation Department,No Company Match,https://www.arlingtontx.gov/city_hall/departments/parks_recreation,
Chris,,412,Washington,City of Seattle - Office of Sustainability & Environment,No Company Match,https://www.seattle.gov/environment,
Chris,,414,Washington,City of Spokane,No Company Match,https://my.spokanecity.org/,
Chris,INVENTORY,427,Wyoming,"City of Casper Parks, Recreation, and Public Facilities Department",No Company Match,http://casperareatransit.org/things_to_do/parks_and_recreation,
Corbin,INVENTORY,197,Massachusetts,City of Haverhill,No Company Match,https://www.cityofhaverhill.com/,https://www.cityofhaverhill.com/
Corbin,,206,Michigan,City of Detroit,No Company Match,https://detroitmi.gov/,https://detroitmi.gov/
Corbin,,214,Michigan,Genessee Soil & Water Conservation District,No Company Match,https://www.co.genesee.ny.us/departments/soilandwater/index.php,https://www.co.genesee.ny.us/departments/soilandwater/index.php
Corbin,,276,New York,"City of Albany, NY Department of General Service, Forestry Division",No Company Match,https://www.albanyny.gov/314/Forestry,"https://www.albanyny.gov/314/Forestry#:~:text=Trees%20are%20available%20to%20be,visit%20www.adoptatreealbany.com."
Corbin,,278,New York,City of Buffalo,No Company Match,https://www.buffalony.gov/,https://www.buffalony.gov/
Corbin,INVENTORY,282,New York,City of Mount Vernon,No Company Match,https://mountvernonwa.gov/,https://mountvernonwa.gov/
Corbin,,285,New York,"City of Utica, Deptment of Engineering",No Company Match,https://cityofutica.com/departments/engineering/index,https://cityofutica.com/
Corbin,,290,New York,NYC Department of Parks and Recreation,No Company Match,https://nyceventpermits.nyc.gov/Parks/,https://www.nycgovparks.org/
Corbin,,292,New York,Olmsted City,No Company Match,https://www.north-olmsted.com/,https://olmstedcity.org/
Corbin,,293,New York,Port Jervis CDA,No Company Match,N/A,portjervisny.gov
Corbin,,296,New York,The Research Foundation for the SUNY,No Company Match,N/A,https://www.rfsuny.org/
Corbin,,303,North Carolina,"City of Charlotte, Landscape Management",No Company Match,N/A,https://www.charlottenc.gov/City-Government/Departments/General-Services/About-GS/Landscape-Management
Corbin,,304,North Carolina,"City of Charlotte, Landscape Management",No Company Match,N/A,https://www.charlottenc.gov/City-Government/Departments/General-Services/About-GS/Landscape-Management
Corbin,,313,Ohio,City of Bowling Green,No Company Match,N/A,https://www.bgky.org/
Corbin,,314,Ohio,City of Canton,No Company Match,N/A,https://www.cantonohio.gov/
Corbin,,317,Ohio,City of Dayton-Street Maint.,No Company Match,N/A,https://www.daytonohio.gov
Corbin,,322,Ohio,City of Obetz,No Company Match,N/A,https://obetz.oh.us/
Corbin,,351,Pennsylvania,City of Easton,No Company Match,N/A,https://www.easton-pa.com/
Corbin,,354,Pennsylvania,City of Johnstown,No Company Match,N/A,https://johnstownpa.gov/
Corbin,,360,Puerto Rico,"Caribbean Regenerative Community Development, Inc.",No Company Match,N/A,https://www.cicdofboston.org/
Corbin,INVENTORY,361,Puerto Rico,University of Puerto Rico at Rio Piedras,No Company Match,N/A,https://www.uprrp.edu/english/
Corbin,,364,Rhode Island,"Executive Office of Health and Human Services, State of Rhode Island",No Company Match,N/A,https://eohhs.ri.gov/
Corbin,,370,South Carolina,South Carolina State University 1890 Research & Extension,No Company Match,N/A,https://scsu.edu/research-outreach/1890-research-and-extension/
Corbin,INVENTORY,374,Tennesse,"City of Chattanooga, Tennessee Department of Parks and Outdoors",No Company Match,N/A,https://chattanooga.gov/parks
Corbin,,378,Tennesse,University of Tennessee,No Company Match,N/A,https://www.utk.edu/
Corbin,,401,Virginia,City of Norfolk Parks & Forestry Operation,No Company Match,N/A,https://www.norfolk.gov/directory.aspx?did=54
Corbin,,403,Virginia,City of Winchester,No Company Match,N/A,https://www.winchesterva.gov/
Corbin,,404,Virginia,"Norfolk State University, Norfolk",No Company Match,N/A,https://www.nsu.edu/
